customer_id,name,email,phone,city,join_date
CUST-10000,Laksh Kaur,darpancherian@example.com,9195668825,Dubai,2025-02-20
CUST-10001,Saumya Ravi,yahvishan@example.net,02426501038,Ajman,2025-10-29
CUST-10002,Anay Goda,forumbhardwaj@example.com,+915295288866,Abu Dhabi,2025-10-10
CUST-10003,Matthew Bal,rattiraksha@example.org,04037062879,Dubai,2025-02-10
CUST-10004,Wazir Chaudhuri,yashoda00@example.net,+917291244807,Sharjah,2025-12-12
CUST-10005,Utkarsh Bumb,fnair@example.net,8595125577,Abu Dhabi,2024-08-02
CUST-10006,Chandani Dalal,gayathri68@example.com,05135320896,Sharjah,2025-03-14
CUST-10007,Yachana Bakshi,surbrijesh@example.net,+910316274738,Dubai,2024-04-11
CUST-10008,Yasti Dugar,avni02@example.com,+912001474825,Ajman,2024-11-27
CUST-10009,Warinder Chaudhari,ymanne@example.com,08101847709,Ajman,2024-03-11
CUST-10010,Ekani Kaur,yashoda84@example.com,9608026798,Ajman,2025-08-16
CUST-10011,Watika Mane,sgandhi@example.com,00332373869,Sharjah,2025-10-09
CUST-10012,Irya Kanda,vorathomas@example.org,0041186753,Abu Dhabi,2024-12-11
CUST-10013,Yasti Kashyap,qbalay@example.com,06030073554,Dubai,2025-07-20
CUST-10014,Hamsini Madan,gabrieldyal@example.com,08712486159,Ajman,2026-01-28
CUST-10015,Harshil Saini,oeshi03@example.com,+919581770302,Sharjah,2025-05-25
CUST-10016,Benjamin Kapadia,gagan93@example.net,+914675326615,Sharjah,2024-05-13
CUST-10017,Zinal Krishnamurthy,ayaan80@example.com,3834516542,Ajman,2025-07-30
CUST-10018,Omaja Sawhney,jhaveriabhimanyu@example.net,+914335844820,Sharjah,2026-01-04
CUST-10019,Jagrati Comar,aarnavbali@example.com,+917069783317,Sharjah,2026-01-17
CUST-10020,Fiyaz Bobal,harrisonchawla@example.com,5295553280,Ajman,2026-01-06
CUST-10021,Samesh Roy,odika27@example.net,+915662563141,Abu Dhabi,2025-10-12
CUST-10022,Hredhaan Chakrabarti,harshil60@example.net,+916390110102,Dubai,2025-10-10
CUST-10023,Unnati Malhotra,gollafalak@example.org,+914487934855,Ajman,2025-07-09
CUST-10024,Ridhi Yohannan,amol49@example.com,2893009579,Abu Dhabi,2024-03-16
CUST-10025,Krisha Dua,dominicahluwalia@example.com,00557223988,Dubai,2024-04-27
CUST-10026,Kalpit Dixit,neel75@example.com,+915619410375,Abu Dhabi,2024-04-13
CUST-10027,Christopher Shukla,sarinsamar@example.org,09069668874,Sharjah,2025-09-16
CUST-10028,Zinal Sarna,khalsaekantika@example.org,5522578960,Abu Dhabi,2024-06-05
CUST-10029,Rudra Mani,charitasekhon@example.net,00010549783,Sharjah,2024-03-03
CUST-10030,Gunbir Pandya,kalanaidu@example.net,+919326627441,Abu Dhabi,2025-11-07
CUST-10031,Laksh Chauhan,varenyamadan@example.net,7187204748,Sharjah,2025-06-18
CUST-10032,Kala Kata,dcontractor@example.com,+910929502759,Ajman,2026-01-12
CUST-10033,Sanya Aggarwal,dhruvraja@example.org,+911046694997,Dubai,2025-01-23
CUST-10034,Aadi Bala,dominic09@example.net,08335528137,Ajman,2024-03-25
CUST-10035,Geetika Mannan,takradha@example.org,02197174084,Abu Dhabi,2024-04-11
CUST-10036,Nidhi Varkey,fariqchanda@example.com,05377232098,Abu Dhabi,2025-12-31
CUST-10037,Harish Karnik,patilimaran@example.org,05239858223,Ajman,2025-11-10
CUST-10038,Oni Palla,bahadurjit86@example.com,1450036760,Sharjah,2025-01-05
CUST-10039,Rachana Chowdhury,balwaida@example.net,5439074311,Sharjah,2024-10-06
CUST-10040,Nathan Badal,ldixit@example.org,4825233735,Dubai,2024-04-14
CUST-10041,Nandini Samra,wpillay@example.com,02258989472,Dubai,2025-01-04
CUST-10042,Jeremiah Mutti,shenoyzilmil@example.org,+917461182769,Dubai,2025-09-30
CUST-10043,Gauri Sood,upma60@example.net,9222498527,Sharjah,2024-09-23
CUST-10044,Maanav Devi,batraharsh@example.org,04738606948,Dubai,2024-12-05
CUST-10045,Lakshit Chanda,vinaya00@example.net,06040527985,Dubai,2025-07-20
CUST-10046,Vrinda Doctor,zsankaran@example.org,+916705006007,Dubai,2024-11-14
CUST-10047,Zayyan Grewal,khatrifalguni@example.org,1245867543,Ajman,2024-07-25
CUST-10048,Qarin Cherian,yutika16@example.net,0087284667,Dubai,2024-11-10
CUST-10049,Samaksh Ranganathan,yashawini00@example.net,7725487879,Abu Dhabi,2024-07-17
CUST-10050,Faraj Majumdar,rachitavig@example.com,+917999074927,Dubai,2026-02-24
CUST-10051,Baljiwan Sarna,jatinrege@example.net,07092163799,Abu Dhabi,2025-05-27
CUST-10052,Aayush Madan,deolekantika@example.com,04744564659,Abu Dhabi,2025-10-04
CUST-10053,Vritti Modi,dbassi@example.com,07466334903,Dubai,2024-04-11
CUST-10054,Aarnav Johal,nratti@example.com,+918029698807,Dubai,2024-10-12
CUST-10055,Fariq Bumb,ahluwaliashravya@example.com,4552339040,Dubai,2024-11-27
CUST-10056,Charita Chacko,gchawla@example.net,+916298406139,Abu Dhabi,2025-09-26
CUST-10057,Anvi Walla,arunima34@example.net,01713872836,Dubai,2025-11-07
CUST-10058,Oscar Balan,chaudhariharsh@example.net,02760878515,Sharjah,2024-04-01
CUST-10059,Anvi Varma,parmarqadim@example.net,9005338881,Abu Dhabi,2024-07-07
CUST-10060,Manthan Raju,gauri99@example.com,05449619388,Ajman,2024-09-23
CUST-10061,Pavani Mann,guhaoni@example.net,0828593960,Abu Dhabi,2024-12-24
CUST-10062,Rachita Murthy,omerchant@example.net,2455980847,Abu Dhabi,2025-02-01
CUST-10063,Kamya Agarwal,azaan59@example.net,02656080472,Dubai,2025-02-12
CUST-10064,Jason Mody,janaki49@example.com,+911363479570,Sharjah,2024-03-14
CUST-10065,Vansha Verma,bahadurjitvirk@example.net,3578855425,Ajman,2025-10-10
CUST-10066,Xalak Chahal,pbhatt@example.com,1370334536,Dubai,2024-11-25
CUST-10067,Frederick Kota,johaljhalak@example.com,9881156366,Ajman,2024-10-11
CUST-10068,Amara Dani,gunbirjani@example.org,5333223422,Ajman,2024-07-22
CUST-10069,Andrew Kalita,kotagautam@example.org,+914619683682,Abu Dhabi,2025-10-23
CUST-10070,Ikbal Lad,chakrabartigopal@example.com,01318704568,Dubai,2025-01-11
CUST-10071,Abhiram Sami,manbirthaman@example.net,04435440640,Abu Dhabi,2025-09-20
CUST-10072,Nikita Shankar,atharv82@example.net,9417240992,Dubai,2024-04-08
CUST-10073,Raagini Anne,edugal@example.com,+913327989310,Sharjah,2026-01-09
CUST-10074,Prisha Bhalla,rchaudry@example.net,8906122576,Abu Dhabi,2024-04-11
CUST-10075,Omaja Tella,ethanbobal@example.org,09429624537,Dubai,2024-04-15
CUST-10076,Upasna Badami,pillaycharita@example.net,+914892128503,Abu Dhabi,2024-03-17
CUST-10077,Ekaja Prashad,deolvedika@example.com,6019081902,Abu Dhabi,2024-11-20
CUST-10078,Omya Srivastava,hchanda@example.org,4260229356,Dubai,2025-10-19
CUST-10079,Jason Parmer,nathaniel76@example.com,00216496120,Dubai,2025-10-12
CUST-10080,Banjeet Choudhry,ureddy@example.com,+912500509559,Abu Dhabi,2025-02-18
CUST-10081,Xavier Balan,prabhujagrati@example.com,04286313724,Ajman,2025-07-13
CUST-10082,Ranveer Prasad,janani32@example.com,06747031055,Ajman,2025-04-17
CUST-10083,Arya Pradhan,kakaralka@example.com,4578482274,Abu Dhabi,2025-10-01
CUST-10084,Ryan Balakrishnan,ysaraf@example.com,+912053173095,Abu Dhabi,2026-01-24
CUST-10085,Yashawini Zacharia,duttabhimanyu@example.com,+919327123540,Sharjah,2024-06-12
CUST-10086,Omkaar Hans,kundabalhaar@example.org,4519326534,Dubai,2024-07-28
CUST-10087,Kai Bera,chandraumang@example.org,0252435610,Sharjah,2025-01-05
CUST-10088,Abeer Trivedi,aryadyal@example.org,02799762135,Sharjah,2024-10-04
CUST-10089,Wridesh Prabhu,chanderakshay@example.net,8902760640,Ajman,2025-10-24
CUST-10090,Yuvraj Goyal,vamakshi37@example.com,0234565911,Ajman,2026-02-02
CUST-10091,Gagan Kamdar,radhika84@example.org,6178514295,Ajman,2025-09-11
CUST-10092,Sneha Venkataraman,xsaraf@example.com,01163609181,Abu Dhabi,2024-11-08
CUST-10093,David Pathak,csoman@example.com,4040417269,Abu Dhabi,2024-09-14
CUST-10094,Girish Suri,amaira74@example.org,5389930526,Abu Dhabi,2025-09-06
CUST-10095,Xavier Gara,chawlaadya@example.org,6128028952,Dubai,2025-02-03
CUST-10096,Omya Sarin,aahana19@example.org,+917650400689,Dubai,2025-08-20
CUST-10097,Naveen Lata,nakul52@example.com,02787557938,Abu Dhabi,2025-11-27
CUST-10098,Xalak Tailor,harshilgala@example.org,+915014417851,Sharjah,2024-12-12
CUST-10099,Sai Rajagopalan,aborra@example.net,03980471637,Ajman,2025-06-07
CUST-10100,Ekantika Tata,jhaverivanya@example.com,2493639296,Sharjah,2024-12-31
CUST-10101,Aishani Kohli,nikitachawla@example.org,1789637661,Dubai,2025-03-03
CUST-10102,Chatresh Chandra,vermaekaraj@example.net,00463360516,Dubai,2025-03-06
CUST-10103,Shivansh Prabhakar,chanchallad@example.com,+917705893483,Ajman,2025-10-12
CUST-10104,Yasti Savant,eta23@example.org,09792050277,Dubai,2024-07-24
CUST-10105,Sudiksha Chakraborty,ayaan16@example.com,05818419142,Ajman,2025-02-28
CUST-10106,Chasmum Hans,dev35@example.net,03345134459,Ajman,2025-08-14
CUST-10107,Kala Goda,sarinaarush@example.org,2718491627,Sharjah,2025-10-18
CUST-10108,Aarnav Viswanathan,charles93@example.net,2504264459,Dubai,2024-12-13
CUST-10109,Raagini Thakkar,faraj04@example.org,1180464790,Abu Dhabi,2025-04-05
CUST-10110,Mason Padmanabhan,dominicbhat@example.org,3924828505,Sharjah,2024-12-22
CUST-10111,Pratyush Purohit,fkata@example.com,+911200817963,Sharjah,2024-11-01
CUST-10112,Geetika Ghose,gabrielmangal@example.org,9639419314,Sharjah,2025-03-17
CUST-10113,Bhavna Chaudhary,isaac56@example.org,+913457536662,Sharjah,2024-12-06
CUST-10114,Zansi Srinivas,anirudhmerchant@example.org,8935440805,Abu Dhabi,2025-08-02
CUST-10115,Jagrati Mishra,nadkarnikala@example.com,02254501492,Sharjah,2025-07-15
CUST-10116,Ucchal More,yagneshbains@example.net,+911955498761,Sharjah,2025-12-19
CUST-10117,Thomas Raval,pillaiaahana@example.com,+910585385689,Dubai,2025-07-16
CUST-10118,Sara Naidu,dubemadhav@example.net,09674848787,Abu Dhabi,2025-11-01
CUST-10119,Omkaar Das,naksh72@example.net,06052267759,Dubai,2025-01-08
CUST-10120,Faris Datta,qabil97@example.com,5621978271,Abu Dhabi,2024-10-21
CUST-10121,Gaurang Bandi,masterwarda@example.org,00092840897,Sharjah,2025-10-20
CUST-10122,Reyansh Bhat,eeshabhardwaj@example.org,00830985941,Abu Dhabi,2025-06-03
CUST-10123,Vidhi Kannan,bishakha60@example.org,+912104658862,Dubai,2025-10-06
CUST-10124,Harinakshi Bali,balhaar71@example.com,0708324688,Sharjah,2024-10-26
CUST-10125,Vansha Mitter,panchalyutika@example.org,+911951755116,Ajman,2025-03-17
CUST-10126,Ekaraj Kadakia,jasonsaran@example.net,+911320288892,Dubai,2025-08-15
CUST-10127,Vansha Swaminathan,bsandhu@example.org,+918514126798,Abu Dhabi,2024-04-04
CUST-10128,Ekiya Choudhry,manbirbhandari@example.net,00077381919,Sharjah,2025-11-19
CUST-10129,Vansha Ratta,isethi@example.net,00244185711,Sharjah,2025-01-23
CUST-10130,Gunbir Iyer,keerchaaya@example.org,2194108432,Ajman,2025-05-20
CUST-10131,Anusha Sankar,murthyzansi@example.org,07375223407,Dubai,2025-01-16
CUST-10132,Abhiram Sheth,qadim76@example.com,7625712455,Abu Dhabi,2024-08-16
CUST-10133,Christopher Manda,vbera@example.com,+911082424336,Dubai,2024-08-21
CUST-10134,Pratyush Chandran,laban04@example.com,9665804149,Ajman,2024-07-14
CUST-10135,Unni Madan,ksolanki@example.net,0560488571,Ajman,2024-05-09
CUST-10136,Akshay Natarajan,chanchaltrivedi@example.org,4715044259,Sharjah,2025-02-14
CUST-10137,Samarth Kannan,lbabu@example.com,+911253148918,Ajman,2025-08-16
CUST-10138,Krishna Sampath,wdasgupta@example.net,+919504198222,Ajman,2025-08-10
CUST-10139,Hritik Master,chanashivansh@example.com,09289313854,Sharjah,2024-07-05
CUST-10140,Lakshmi Wable,amaira83@example.net,04022506518,Ajman,2024-07-03
CUST-10141,Zinal Ramanathan,anjali91@example.org,01662035109,Sharjah,2024-07-13
CUST-10142,Ojas Deol,gaurangiaurora@example.net,7748377274,Ajman,2025-12-22
CUST-10143,Bakhshi Ramesh,manan27@example.com,9493450908,Abu Dhabi,2026-02-25
CUST-10144,Hredhaan Mammen,emaharaj@example.org,+918934033408,Sharjah,2025-02-02
CUST-10145,Devansh Devan,darpanvaidya@example.org,6201051347,Dubai,2025-11-13
CUST-10146,Aishani Dora,singhhardik@example.org,1132667904,Abu Dhabi,2025-01-03
CUST-10147,Bhanumati Keer,janujaahuja@example.org,03370792314,Sharjah,2025-02-08
CUST-10148,Jacob Pradhan,biswasshravya@example.org,0408614215,Ajman,2025-10-21
CUST-10149,Ekta Balakrishnan,deshmukhanamika@example.org,+918368908684,Ajman,2025-01-25
CUST-10150,Aryan Das,dboase@example.net,2350127784,Dubai,2025-04-14
CUST-10151,Maya Jaggi,chamelibir@example.com,+911325541400,Dubai,2024-09-28
CUST-10152,Victor Talwar,barmanyatan@example.net,8190380563,Abu Dhabi,2025-03-12
CUST-10153,Pahal Bobal,rpanchal@example.org,0231353686,Dubai,2026-01-18
CUST-10154,Pooja Luthra,nagypanini@example.net,+912659319911,Sharjah,2025-11-28
CUST-10155,Wriddhish Hegde,pahalparmar@example.net,5917973874,Dubai,2026-01-27
CUST-10156,Avi Ramakrishnan,aadhya34@example.com,01586017085,Sharjah,2025-04-09
CUST-10157,Anika Bhat,dewansathvik@example.org,09299748374,Abu Dhabi,2025-06-16
CUST-10158,Mekhala Sagar,jaipalla@example.com,06495004952,Abu Dhabi,2026-02-03
CUST-10159,Laban Gulati,quincybabu@example.com,09684703341,Ajman,2024-08-07
CUST-10160,Urvi Gola,amolaurora@example.net,+918518466662,Dubai,2025-09-02
CUST-10161,Ishani Koshy,dakshkonda@example.org,05893299645,Dubai,2024-05-03
CUST-10162,Ishanvi Doctor,gangakulkarni@example.org,8650215622,Ajman,2024-08-22
CUST-10163,Christopher Sahni,yagnesh61@example.org,08094304697,Sharjah,2025-05-31
CUST-10164,Yashawini Shetty,xrajagopal@example.com,08074255858,Abu Dhabi,2024-03-27
CUST-10165,Ijaya Sankaran,aarnasura@example.net,5209846025,Abu Dhabi,2025-07-04
CUST-10166,Kashish Dutt,opillai@example.com,+916123876476,Abu Dhabi,2024-07-15
CUST-10167,Samesh Reddy,chandresh26@example.net,+918046598713,Dubai,2024-09-11
CUST-10168,Nitara Chauhan,xdeshpande@example.net,04824524220,Ajman,2024-10-28
CUST-10169,Mohini Behl,rajeshridani@example.net,+918553976954,Abu Dhabi,2024-10-27
CUST-10170,Lavanya Khalsa,vrinda27@example.org,+918656660334,Sharjah,2024-12-19
CUST-10171,Praneel Thakur,karisamaksh@example.com,08160992136,Dubai,2024-07-05
CUST-10172,Forum Grewal,ekhare@example.com,+910129508744,Abu Dhabi,2026-01-31
CUST-10173,Riya Chowdhury,obora@example.net,+914000034157,Sharjah,2025-03-14
CUST-10174,Dhruv Toor,amritapau@example.org,2762345987,Ajman,2025-03-01
CUST-10175,Arunima Pandey,apterehaan@example.com,08020447946,Ajman,2024-12-02
CUST-10176,Jairaj Venkatesh,danielmishra@example.net,+914350852268,Sharjah,2025-01-15
CUST-10177,Banjeet Chakraborty,yadavandrew@example.com,+915433944744,Abu Dhabi,2025-05-16
CUST-10178,Falguni Kala,nilimaprashad@example.com,+918195490078,Abu Dhabi,2026-02-18
CUST-10179,Rudra Kala,devghose@example.org,04297978242,Abu Dhabi,2025-03-28
CUST-10180,Bhavini Raja,krish11@example.org,+910730732083,Sharjah,2025-11-11
CUST-10181,Tamanna Datta,girindrachacko@example.org,05534551540,Ajman,2025-08-21
CUST-10182,Ijaya Rajagopal,nghosh@example.net,+916730907619,Abu Dhabi,2024-03-23
CUST-10183,Gunbir Chanda,fitansachdeva@example.net,1643841240,Dubai,2025-04-26
CUST-10184,Yash Ahluwalia,dalaja96@example.net,+913530493573,Abu Dhabi,2025-03-13
CUST-10185,Harinakshi Golla,samar96@example.org,+918208482810,Sharjah,2024-03-13
CUST-10186,Gautam Balakrishnan,dsule@example.org,0460114717,Ajman,2025-10-31
CUST-10187,Vrishti Sangha,aiyer@example.net,2757641886,Dubai,2025-04-07
CUST-10188,Ladli Dixit,gunbirapte@example.org,08853897994,Ajman,2025-02-28
CUST-10189,Arjun Tailor,jchandran@example.com,2681912307,Dubai,2025-06-13
CUST-10190,Reva Mitter,misrapooja@example.net,+916036688404,Sharjah,2024-12-19
CUST-10191,Chandresh Khosla,balhaar93@example.com,02984109932,Sharjah,2024-04-27
CUST-10192,Mekhala Bansal,meghana61@example.org,+918208049028,Abu Dhabi,2025-11-23
CUST-10193,Upma Nair,dominic42@example.org,5099721606,Dubai,2024-03-01
CUST-10194,Banjeet Zachariah,suhanisem@example.org,+913544712698,Dubai,2026-02-21
CUST-10195,Forum Dhawan,qperi@example.org,0049781764,Abu Dhabi,2024-06-29
CUST-10196,Hamsini Kalita,qarin59@example.net,+918160145360,Ajman,2025-04-05
CUST-10197,Lila Varkey,teerthmodi@example.org,00684041698,Sharjah,2025-12-11
CUST-10198,Zehaan Kakar,karajacob@example.org,+916363187014,Dubai,2024-09-13
CUST-10199,Balveer Date,yashawinimand@example.net,+918659859087,Ajman,2024-10-14
CUST-10200,Frederick Dani,lshroff@example.net,04387009630,Dubai,2025-11-09
CUST-10201,Mitesh Garg,leena48@example.net,07792911447,Dubai,2025-01-12
CUST-10202,Sachi Nagi,tristanpal@example.org,5111452253,Sharjah,2026-02-27
CUST-10203,Leena Soni,misraonveer@example.net,02915326121,Ajman,2026-01-16
CUST-10204,Zansi Sha,ekunda@example.com,0193959163,Sharjah,2026-02-25
CUST-10205,Kamala Chacko,wgill@example.com,04298000319,Abu Dhabi,2025-12-02
CUST-10206,Hredhaan Brar,ioommen@example.com,08587143643,Dubai,2024-07-29
CUST-10207,David Prasad,meghanashere@example.net,9334073942,Ajman,2025-03-10
CUST-10208,Dev Dass,caleb95@example.net,1949033540,Dubai,2025-09-22
CUST-10209,Zinal Cherian,anmolbrahmbhatt@example.org,2904816087,Ajman,2024-03-10
CUST-10210,Vamakshi Thaker,pillaiekiya@example.net,04236213264,Dubai,2025-11-06
CUST-10211,Waida Morar,damini45@example.com,00543119400,Sharjah,2025-12-21
CUST-10212,Oni Sandal,ybhardwaj@example.com,2285388180,Sharjah,2025-01-13
CUST-10213,Teerth Narayan,daminirao@example.net,6986612918,Abu Dhabi,2025-05-12
CUST-10214,Dominic Cherian,kkari@example.net,+916360279339,Abu Dhabi,2025-01-21
CUST-10215,Praneel Batta,onkarsahni@example.com,02833998482,Sharjah,2024-08-16
CUST-10216,Saanvi Yogi,paijason@example.com,+917056673522,Sharjah,2025-02-07
CUST-10217,Jack Chadha,frado81@example.org,+913415877026,Sharjah,2026-01-21
CUST-10218,Krishna Sampath,rachitdash@example.net,+916850352717,Sharjah,2024-09-21
CUST-10219,Waida Sarma,vargheseganga@example.org,6297255955,Sharjah,2025-01-09
CUST-10220,Nihal Vohra,nakulvarughese@example.com,+917471549703,Sharjah,2024-09-24
CUST-10221,Gayathri Subramaniam,nagarajanunnati@example.net,08572319659,Dubai,2024-08-11
CUST-10222,Oeshi Sani,ucchaldyal@example.com,07665309627,Ajman,2025-11-13
CUST-10223,Raagini Shanker,shettybimala@example.org,8232881639,Abu Dhabi,2024-10-19
CUST-10224,Elijah Kapoor,gagankalita@example.com,+913142717889,Abu Dhabi,2025-07-15
CUST-10225,Alexander Bhat,olall@example.com,8296238369,Abu Dhabi,2025-10-23
CUST-10226,Andrew Dugar,chavvikhurana@example.com,3353015180,Ajman,2025-08-11
CUST-10227,Shaurya Barman,chowdhuryshivansh@example.org,9163755043,Abu Dhabi,2024-11-13
CUST-10228,Akshay Bakshi,vidhiiyengar@example.org,08540298040,Sharjah,2024-07-01
CUST-10229,Sudiksha Johal,yaminirai@example.net,02687501521,Dubai,2024-10-02
CUST-10230,Neha Vig,darsh89@example.com,+910475844287,Abu Dhabi,2024-07-23
CUST-10231,Yatan Raghavan,dkaur@example.net,08280416570,Dubai,2025-02-02
CUST-10232,Oviya Kapadia,rchada@example.net,07490116505,Dubai,2025-03-19
CUST-10233,Peter Chakrabarti,pillaiharish@example.org,2110571970,Ajman,2025-08-04
CUST-10234,Samesh Borra,sarnakashish@example.com,+919367199173,Ajman,2025-06-25
CUST-10235,Yagnesh Tara,shivanshshenoy@example.com,09891706842,Dubai,2024-06-17
CUST-10236,Arin Mammen,hitesh50@example.org,2244499431,Ajman,2026-02-19
CUST-10237,Rajata Saxena,thakertriya@example.com,+912318336160,Ajman,2024-11-15
CUST-10238,Theodore Varkey,haldernaksh@example.com,+914049918153,Ajman,2024-10-04
CUST-10239,Nicholas Baria,nchauhan@example.net,+918311891881,Ajman,2025-12-02
CUST-10240,Girindra Bala,yashodayadav@example.org,04293006117,Dubai,2025-12-03
CUST-10241,Jeevika Uppal,golewriddhish@example.org,09038097705,Dubai,2025-03-17
CUST-10242,Neel Singhal,ssankar@example.org,+913965730528,Abu Dhabi,2025-01-19
CUST-10243,Thomas Zachariah,agarwalfarhan@example.com,4856333188,Dubai,2025-10-05
CUST-10244,Harsh Narang,samuel55@example.org,00420776494,Sharjah,2024-10-29
CUST-10245,Brinda Andra,tripathiisaiah@example.com,+919819876553,Abu Dhabi,2024-11-26
CUST-10246,Varenya Singh,kadakiagarima@example.net,+915142122338,Dubai,2025-01-29
CUST-10247,Abhiram Arora,amairabhatnagar@example.net,4474792836,Ajman,2024-10-20
CUST-10248,Ekavir Bassi,chavvi48@example.com,+914075313800,Ajman,2025-12-19
CUST-10249,Ranbir Narayan,warda78@example.com,07450452085,Abu Dhabi,2025-08-20
CUST-10250,Yamini Halder,shravyagoyal@example.com,1861099650,Dubai,2025-10-03
CUST-10251,Krishna Kaul,geetikadeo@example.net,08074872556,Dubai,2024-03-28
CUST-10252,Riya Setty,mannchandani@example.com,04075291098,Sharjah,2025-01-10
CUST-10253,Anya Atwal,lchar@example.net,4140664331,Dubai,2024-07-07
CUST-10254,Hema Char,atharvkhalsa@example.net,+912201721247,Ajman,2024-04-29
CUST-10255,Xavier Mane,masonmanne@example.net,06516693245,Sharjah,2024-10-07
CUST-10256,Krish Rama,maanavbarad@example.org,+914762670659,Sharjah,2025-05-07
CUST-10257,Maya Mukhopadhyay,indira60@example.org,8306310586,Sharjah,2024-10-11
CUST-10258,Anita Sibal,nisha62@example.org,06160805985,Sharjah,2025-09-01
CUST-10259,Yashica Ganesan,zsankaran@example.com,02730204408,Sharjah,2024-05-05
CUST-10260,Ranbir Lad,upadhyaypratyush@example.com,02970890587,Ajman,2024-03-13
CUST-10261,Gagan Ray,lekhachander@example.net,+912166642080,Ajman,2024-10-31
CUST-10262,Jagvi Rattan,ijaya17@example.com,+913382741608,Ajman,2024-08-21
CUST-10263,Aarna Chaudhary,agastya21@example.net,+915288123902,Dubai,2025-12-04
CUST-10264,Vaishnavi Apte,mandridhi@example.org,07716653122,Abu Dhabi,2025-07-15
CUST-10265,Irya Savant,kharebalhaar@example.net,5104043543,Dubai,2025-10-23
CUST-10266,Nakul Dubey,dhawanzayyan@example.org,01525899673,Abu Dhabi,2025-05-14
CUST-10267,Guneet Baral,darpanwali@example.com,00044503739,Sharjah,2026-02-15
CUST-10268,Naveen Om,hemalsubramaniam@example.org,+910553636302,Ajman,2025-10-03
CUST-10269,Chameli Dhillon,sarmachameli@example.net,6391003539,Abu Dhabi,2025-05-26
CUST-10270,Anita Nath,anamika36@example.org,02487270874,Sharjah,2025-12-28
CUST-10271,Onkar Nigam,vanyade@example.org,1224749368,Dubai,2025-02-09
CUST-10272,Chandresh Datta,zsavant@example.org,00802809659,Dubai,2024-05-09
CUST-10273,Raksha Ravel,gardeteerth@example.com,0926924102,Abu Dhabi,2026-01-28
CUST-10274,Eesha Vohra,darika62@example.com,05527010920,Ajman,2025-05-10
CUST-10275,Vanya Ram,xgola@example.com,2987376668,Dubai,2024-08-24
CUST-10276,Noah Sathe,brijeshdutta@example.org,5718788237,Dubai,2025-03-03
CUST-10277,Gautami Om,smital@example.net,+910936301300,Dubai,2024-05-06
CUST-10278,Daksha Naik,kapuranika@example.com,01595425910,Abu Dhabi,2025-03-13
CUST-10279,Isaac Kota,zsrinivasan@example.com,08580223324,Sharjah,2024-08-17
CUST-10280,Kashvi Rai,fkalita@example.com,03383581217,Dubai,2025-01-12
CUST-10281,Yashasvi Dada,dnarula@example.com,3038178500,Ajman,2024-11-07
CUST-10282,Daniel Krishnan,mjhaveri@example.org,+918270251981,Abu Dhabi,2025-07-17
CUST-10283,Yauvani Apte,kalasamar@example.org,+911475142251,Sharjah,2024-09-28
CUST-10284,Falguni Mallick,amaira57@example.com,09639239168,Ajman,2024-11-06
CUST-10285,Balvan Parsa,watikarajagopal@example.net,2389452321,Abu Dhabi,2024-10-12
CUST-10286,Pahal Kata,bhavika95@example.net,09598439620,Dubai,2024-09-18
CUST-10287,Ucchal Dixit,jagatsawhney@example.net,6362786378,Sharjah,2024-12-15
CUST-10288,Sachi Behl,omajamann@example.com,08881908969,Ajman,2025-11-29
CUST-10289,Nihal Char,mahajanowen@example.net,3105744478,Dubai,2024-11-26
CUST-10290,Aahana Mane,prishaboase@example.net,+910956669771,Sharjah,2024-06-01
CUST-10291,Ishani Choudhury,bordechakradev@example.net,5961625256,Abu Dhabi,2024-05-28
CUST-10292,Rushil Mann,divyakaur@example.net,07508672142,Ajman,2024-05-08
CUST-10293,Gautam Banik,anusha90@example.net,7830910677,Ajman,2026-01-22
CUST-10294,Rushil Comar,bhavani68@example.net,7987749559,Dubai,2025-07-13
CUST-10295,Wazir Wason,bhavininath@example.net,9755496624,Abu Dhabi,2024-04-07
CUST-10296,Lila Dutta,ikbal20@example.org,+915500027501,Sharjah,2025-07-12
CUST-10297,Widisha Bhat,ekapadkadakia@example.org,08708168830,Abu Dhabi,2025-01-18
CUST-10298,Nachiket Arya,chandragabriel@example.org,7988678030,Abu Dhabi,2025-04-20
CUST-10299,Jalsa Nigam,janakidhingra@example.net,9351744335,Abu Dhabi,2025-10-21
CUST-10300,Xalak Narayan,msabharwal@example.com,01934582345,Ajman,2025-05-04
CUST-10301,Osha Bhattacharyya,kabirperi@example.net,05941168274,Abu Dhabi,2024-08-09
CUST-10302,William Bajwa,wahabramachandran@example.org,+912575777333,Ajman,2024-12-24
CUST-10303,Mahika Mandal,taragola@example.org,+911877719074,Sharjah,2026-01-26
CUST-10304,Madhavi Sahni,jasmitsibal@example.org,+914565307954,Ajman,2025-05-06
CUST-10305,Adya Mistry,adhar@example.org,+913507950660,Abu Dhabi,2025-12-14
CUST-10306,Falan Mall,zehaan67@example.com,+914394181563,Dubai,2025-04-02
CUST-10307,Abhiram Ahuja,wakeeta36@example.net,+918460025437,Ajman,2024-06-10
CUST-10308,Krishna Kumar,devanshhari@example.com,+911996440788,Abu Dhabi,2024-04-27
CUST-10309,Ryan Tata,praneelbatta@example.com,+916685023510,Ajman,2025-03-30
CUST-10310,Edhitha Chadha,chanakya16@example.org,4437342678,Abu Dhabi,2026-02-21
CUST-10311,Omya Tandon,yugsagar@example.org,2720352681,Ajman,2024-10-11
CUST-10312,Zehaan Choudhry,comartheodore@example.org,01437745406,Sharjah,2025-01-30
CUST-10313,Rohan Sule,kashishmagar@example.net,9911284253,Sharjah,2025-05-25
CUST-10314,Eta Sant,harieta@example.net,7361731146,Ajman,2025-07-16
CUST-10315,Riya Dhingra,yauvanighosh@example.net,0190790942,Ajman,2024-11-30
CUST-10316,Saanvi Sinha,cchhabra@example.com,+915890379778,Abu Dhabi,2024-10-18
CUST-10317,Dayita Sachar,yaminibava@example.net,05925428351,Dubai,2025-02-13
CUST-10318,Rachit Narayanan,jhateerth@example.org,00189249731,Ajman,2025-05-25
CUST-10319,Vyanjana Lata,zayantara@example.com,06762771391,Dubai,2025-05-01
CUST-10320,Wishi Chakraborty,ozacharia@example.net,04672025310,Sharjah,2025-10-27
CUST-10321,Aarush Sethi,harrisonsandal@example.net,+917010716532,Ajman,2024-03-02
CUST-10322,Samarth Mander,joshiaishani@example.net,1705644824,Dubai,2024-12-15
CUST-10323,Kashish Karnik,ranbiramble@example.com,8604883479,Sharjah,2024-04-02
CUST-10324,Ishwar Narang,aaravhari@example.org,6483034741,Ajman,2025-03-13
CUST-10325,Reva Viswanathan,ayaan49@example.com,6418384270,Dubai,2025-09-25
CUST-10326,Krisha Yohannan,avniravel@example.com,9387847151,Ajman,2025-09-27
CUST-10327,Bishakha Tripathi,regevrishti@example.com,+917244011346,Abu Dhabi,2025-04-30
CUST-10328,Faqid Oak,anvidatta@example.org,8459234859,Dubai,2024-04-11
CUST-10329,Akshay Sekhon,gunbir15@example.net,+918531300629,Dubai,2024-06-29
CUST-10330,Vinaya Narang,janani22@example.net,03192610942,Dubai,2025-04-03
CUST-10331,Lekha Ravel,tpai@example.org,+914143193155,Ajman,2025-04-09
CUST-10332,Balvan Sarin,borajonathan@example.net,1600458462,Sharjah,2025-06-06
CUST-10333,Fitan Halder,tanmayivaidya@example.org,+917746486338,Dubai,2025-05-27
CUST-10334,Hemangini Dasgupta,thakurkalpit@example.org,02051701627,Abu Dhabi,2025-05-11
CUST-10335,Gaurang Devi,lakshkhare@example.net,02984431395,Dubai,2025-01-11
CUST-10336,Tarak Bakshi,comarnitesh@example.org,+914405532185,Sharjah,2024-07-26
CUST-10337,Robert Majumdar,iprasad@example.net,+911847144584,Dubai,2025-07-18
CUST-10338,Oliver Goda,savantpranav@example.net,+916573070481,Sharjah,2025-07-21
CUST-10339,Pranit Narasimhan,ranveerbuch@example.org,+918243404447,Abu Dhabi,2024-11-24
CUST-10340,Raagini Kale,pnazareth@example.net,+916914297824,Abu Dhabi,2026-02-10
CUST-10341,Rachita Mody,om00@example.org,04481706066,Ajman,2024-03-14
CUST-10342,Aayush Sastry,suriowen@example.org,04929501772,Abu Dhabi,2025-03-06
CUST-10343,Aarush Bumb,qushi04@example.org,09553317763,Sharjah,2026-02-19
CUST-10344,Zarna Sidhu,falgunilanka@example.com,+914571295651,Ajman,2024-11-15
CUST-10345,Anvi Chaudhary,xdutta@example.com,7317048784,Ajman,2024-04-22
CUST-10346,Girik Samra,msundaram@example.com,4221909169,Dubai,2024-07-22
CUST-10347,Abdul Gara,ganga93@example.org,00875764415,Dubai,2025-12-11
CUST-10348,Atharv Sarin,vedhikadhaliwal@example.net,+918137564430,Sharjah,2024-07-18
CUST-10349,Vinaya Bobal,mitalihalder@example.net,+915004766049,Abu Dhabi,2024-04-18
CUST-10350,Inaya Lad,veer47@example.com,+912743100414,Ajman,2025-10-22
CUST-10351,Damini Borra,nishakale@example.com,6952558159,Dubai,2024-04-15
CUST-10352,Qarin Bhalla,abdulkarpe@example.org,+918873273687,Sharjah,2025-07-17
CUST-10353,Qabil Halder,gmishra@example.net,+915054008031,Abu Dhabi,2025-12-18
CUST-10354,Bhavika Rao,banikaishani@example.org,+910140390032,Dubai,2025-12-12
CUST-10355,Dhriti Raghavan,krishaborde@example.org,8023431222,Abu Dhabi,2024-10-02
CUST-10356,Finn Mander,baljiwan25@example.net,5905527366,Ajman,2024-08-22
CUST-10357,Yasti Tailor,siddharth81@example.org,08738401850,Abu Dhabi,2025-09-22
CUST-10358,Maanas Jhaveri,bumbimaran@example.org,+914587505586,Ajman,2024-07-09
CUST-10359,Tanvi Acharya,mohiniwagle@example.com,+910098016861,Sharjah,2025-09-15
CUST-10360,Yasti Mannan,jratta@example.org,08461524572,Abu Dhabi,2025-08-13
CUST-10361,Harrison Pingle,sandalchavvi@example.com,2079810772,Ajman,2025-07-28
CUST-10362,Aarush Behl,ilala@example.net,09506830507,Ajman,2024-05-24
CUST-10363,Charles Bobal,psrinivasan@example.com,+912654911605,Abu Dhabi,2025-03-08
CUST-10364,Aayush Ahluwalia,chamelikunda@example.net,01663244046,Abu Dhabi,2025-07-29
CUST-10365,Manbir Bobal,daraayush@example.net,03273466453,Sharjah,2024-07-16
CUST-10366,Ekani Patla,chaturahalder@example.org,+917175394876,Dubai,2025-10-21
CUST-10367,Michael Krishna,jack00@example.com,5006377148,Abu Dhabi,2024-06-03
CUST-10368,Hema Kata,pradhanchandresh@example.net,7759097279,Dubai,2025-11-22
CUST-10369,Ubika Tara,irandhawa@example.org,+917910422500,Sharjah,2024-06-15
CUST-10370,Lakshmi Vig,ekarajkulkarni@example.com,7651247448,Sharjah,2024-07-29
CUST-10371,Aradhana Desai,nathaniel99@example.com,1084901353,Ajman,2024-05-14
CUST-10372,Kiaan Dasgupta,agaba@example.com,06097696156,Sharjah,2026-01-21
CUST-10373,Balveer Bassi,nsubramanian@example.org,+916114040754,Ajman,2025-09-21
CUST-10374,Samesh Sarraf,lakshmi20@example.org,07607767634,Dubai,2026-01-18
CUST-10375,Yatin Sood,erattan@example.org,7529126217,Ajman,2024-11-01
CUST-10376,Anvi Desai,kalitareva@example.net,+917741169104,Sharjah,2024-07-08
CUST-10377,Peter Bandi,nandadhruv@example.com,4291580313,Dubai,2025-07-26
CUST-10378,Yash Boase,gunbirrastogi@example.org,9657390820,Abu Dhabi,2025-08-25
CUST-10379,Jack Sehgal,isaac62@example.net,+911325371700,Sharjah,2025-03-15
CUST-10380,Naveen Baria,sachdevekta@example.org,3618089659,Abu Dhabi,2025-09-07
CUST-10381,Aradhana Grewal,alal@example.net,03899642732,Abu Dhabi,2025-01-14
CUST-10382,Vincent Badal,jagatparsa@example.net,4780875703,Dubai,2024-09-06
CUST-10383,Krishna Raj,elijah13@example.org,+919952678951,Abu Dhabi,2025-09-14
CUST-10384,Udyati Sarna,sagarfariq@example.net,+919982075070,Sharjah,2025-02-12
CUST-10385,Fitan Narain,xmerchant@example.net,0830233007,Abu Dhabi,2026-01-13
CUST-10386,Rudra Krishna,palanwyatt@example.org,+915520309228,Ajman,2025-06-22
CUST-10387,Zarna Dass,dmunshi@example.net,04370475022,Dubai,2025-11-25
CUST-10388,Jhalak Sharma,qchawla@example.net,+911236018668,Dubai,2024-06-29
CUST-10389,Jeevika Shroff,rishi05@example.com,09912145147,Abu Dhabi,2024-11-27
CUST-10390,Vedhika Mall,vasatikadash@example.net,7401181838,Ajman,2025-11-06
CUST-10391,Daksh Tailor,erama@example.org,06980780537,Sharjah,2025-08-25
CUST-10392,Warjas Gala,krishnaganguly@example.net,+911811947445,Sharjah,2024-04-01
CUST-10393,Warda Narang,manbir45@example.org,+914215655484,Abu Dhabi,2025-08-02
CUST-10394,Brinda Dhillon,xlanka@example.org,+911424342104,Sharjah,2024-11-09
CUST-10395,Vansha Devan,zaitralall@example.org,09441944557,Abu Dhabi,2025-06-27
CUST-10396,Brinda Tata,chaturashanker@example.com,+919571632097,Abu Dhabi,2025-12-21
CUST-10397,Chanchal Venkatesh,rkulkarni@example.net,5955906837,Abu Dhabi,2024-12-02
CUST-10398,Darsh Vohra,takupasna@example.com,06258640040,Ajman,2024-05-13
CUST-10399,Gayathri Sagar,qasim89@example.net,8579216116,Dubai,2024-03-05
CUST-10400,Yochana Khalsa,dalaja52@example.com,+910768913033,Sharjah,2025-03-07
CUST-10401,Yashodhara Mani,krishagola@example.org,+917338840504,Sharjah,2024-08-26
CUST-10402,Amol Goswami,yatan99@example.net,08158981975,Sharjah,2024-06-17
CUST-10403,Isaiah Dutt,onkar63@example.com,0113510610,Dubai,2024-09-14
CUST-10404,Lajita Oommen,xdhingra@example.com,06710355219,Sharjah,2024-03-17
CUST-10405,Oscar Shenoy,aarnanath@example.com,07497078461,Dubai,2024-09-20
CUST-10406,Nachiket Sahni,janilakshmi@example.org,4752546164,Ajman,2024-06-23
CUST-10407,Krishna Sangha,lohit51@example.net,01092060423,Abu Dhabi,2024-03-17
CUST-10408,Ikshita Karan,sandalgirik@example.net,8464442238,Dubai,2025-12-22
CUST-10409,Jai Ramachandran,neelima70@example.net,0793586995,Sharjah,2025-01-28
CUST-10410,Karan Chaudhari,qjha@example.net,+916264213149,Sharjah,2024-08-19
CUST-10411,Upma Iyengar,purohitfaras@example.com,3799394952,Dubai,2025-12-09
CUST-10412,Ekiya Raghavan,gparmer@example.com,3606016641,Ajman,2025-10-25
CUST-10413,Jason Rege,sarmabhavani@example.net,+919836912638,Abu Dhabi,2025-04-04
CUST-10414,Xavier Gulati,kamdardakshesh@example.com,7889846494,Dubai,2026-02-17
CUST-10415,Champak Mammen,rpau@example.net,+914775006814,Ajman,2025-09-06
CUST-10416,Zayan Cherian,gunbirbhakta@example.org,08057225528,Abu Dhabi,2024-03-18
CUST-10417,Vedika Mani,sbhargava@example.net,9235399661,Dubai,2026-02-12
CUST-10418,Jasmit Misra,manbirverma@example.com,4772005040,Ajman,2025-07-10
CUST-10419,Victor Chaudhuri,yashodagill@example.net,9746808622,Dubai,2026-01-21
CUST-10420,Hema Kata,timothysolanki@example.net,7985028150,Dubai,2025-03-28
CUST-10421,Yahvi Bumb,godarayaan@example.com,01935053380,Sharjah,2024-08-04
CUST-10422,Ladli Krishnamurthy,matthew86@example.org,9326236799,Dubai,2025-06-14
CUST-10423,Aadhya Sarkar,psharaf@example.com,+915967920278,Dubai,2025-12-17
CUST-10424,Sudiksha Bala,narangekta@example.net,+910462325641,Ajman,2025-05-09
CUST-10425,Aishani Hora,tanveervig@example.org,05349714501,Sharjah,2026-02-16
CUST-10426,Yash Nadig,somindrajit@example.com,7899341562,Ajman,2024-12-21
CUST-10427,Krishna Sarna,ubika66@example.net,5941499935,Ajman,2024-10-12
CUST-10428,Urishilla Suresh,luthragopal@example.net,+912576470726,Dubai,2025-01-23
CUST-10429,Dayamai Char,karnikfinn@example.com,+913666882853,Dubai,2024-08-20
CUST-10430,Matthew Atwal,sara82@example.net,5759315979,Sharjah,2024-10-13
CUST-10431,Hitesh Basu,girindrasubramaniam@example.com,05769028768,Ajman,2024-05-03
CUST-10432,Ladli Acharya,nilima52@example.net,09440952981,Sharjah,2025-04-11
CUST-10433,Kevin Rau,george71@example.com,02897502783,Sharjah,2025-12-12
CUST-10434,Vedika Mukherjee,agera@example.org,+910812780299,Ajman,2025-09-18
CUST-10435,Kamala Biswas,chandrannori@example.org,7453164432,Sharjah,2025-10-01
CUST-10436,Aayush Batra,choudhryquincy@example.com,5096596210,Dubai,2026-01-02
CUST-10437,Anvi Acharya,qasim44@example.com,+919545780344,Dubai,2025-05-09
CUST-10438,Rajeshri Mukhopadhyay,oni20@example.org,05155303459,Abu Dhabi,2026-01-25
CUST-10439,Anthony Kala,chandraethan@example.org,4914359496,Dubai,2024-04-16
CUST-10440,Gavin Gulati,abedi@example.org,3400305377,Dubai,2026-02-05
CUST-10441,Janani Mannan,chackoyahvi@example.org,09888676816,Sharjah,2025-12-15
CUST-10442,Girish Buch,ekiya93@example.com,0642666975,Ajman,2024-11-14
CUST-10443,Owen Chand,rajanekani@example.org,+918855251218,Dubai,2025-02-16
CUST-10444,Advaith Zachariah,rattansaksham@example.com,+913930193117,Dubai,2025-07-16
CUST-10445,Yauvani Walla,xdhar@example.net,4824824401,Ajman,2024-06-12
CUST-10446,Shravya Johal,manbir34@example.org,8871355926,Ajman,2025-04-28
CUST-10447,Wakeeta Bansal,krishnagirindra@example.net,2278324845,Abu Dhabi,2024-11-18
CUST-10448,Siddharth Grewal,ybakshi@example.com,08149642917,Dubai,2025-03-09
CUST-10449,Yashawini Sami,owendash@example.net,08985649942,Abu Dhabi,2024-04-02
CUST-10450,Mason Nadig,ekapadmaster@example.com,0235741081,Dubai,2024-04-11
CUST-10451,Zehaan Garde,igoswami@example.org,+910649948222,Dubai,2025-05-28
CUST-10452,Ayush Vohra,lvaidya@example.net,4820659052,Sharjah,2024-10-16
CUST-10453,Abeer Hans,zcheema@example.net,4780556385,Abu Dhabi,2025-03-11
CUST-10454,Yug Kota,unnati41@example.org,2334956486,Sharjah,2024-07-07
CUST-10455,Nikita Nigam,rdoctor@example.com,+910537045413,Abu Dhabi,2024-10-18
CUST-10456,Ishaan Sharma,lajitasheth@example.net,+913033540229,Ajman,2025-12-24
CUST-10457,Odika Murty,aadi23@example.org,4527068626,Sharjah,2026-02-25
CUST-10458,Eesha Mani,gangabalasubramanian@example.org,09719137604,Sharjah,2026-01-23
CUST-10459,Amara Dass,badalbachittar@example.org,+912209698289,Ajman,2024-06-18
CUST-10460,Ekanta Kaur,vrindaoak@example.com,+912322241244,Sharjah,2025-02-18
CUST-10461,Amara Deshmukh,lsandhu@example.net,05581501315,Sharjah,2026-01-02
CUST-10462,Chameli Palan,harshil20@example.net,07726957128,Sharjah,2025-08-11
CUST-10463,Radhika Sharaf,svaidya@example.org,05936737564,Sharjah,2024-11-25
CUST-10464,Divya Samra,jagatmaster@example.net,8426009117,Sharjah,2024-08-12
CUST-10465,Sathvik Wali,xedwin@example.net,+919228504195,Ajman,2024-11-29
CUST-10466,Benjamin Lad,nidrashere@example.net,1002114312,Sharjah,2024-09-12
CUST-10467,Warda Kari,chawlachavvi@example.org,00646832022,Ajman,2024-10-13
CUST-10468,Ojas Dhar,peribalendra@example.net,8039780309,Dubai,2025-06-08
CUST-10469,Yashasvi Reddy,dayitaedwin@example.org,05942811912,Abu Dhabi,2025-10-11
CUST-10470,Gauri Borde,cbhatt@example.org,5004588210,Sharjah,2025-02-13
CUST-10471,Mitali Sridhar,pantaarav@example.net,+917120886196,Abu Dhabi,2025-06-02
CUST-10472,Chameli Murthy,chakrabortyvrinda@example.com,06151206781,Ajman,2024-09-12
CUST-10473,Anika Mangat,amaira20@example.net,+913461220206,Sharjah,2025-02-22
CUST-10474,Zayan Bhargava,deshpandedeepa@example.org,+911861063428,Abu Dhabi,2024-08-22
CUST-10475,Qushi Kashyap,rayaanbhakta@example.org,+916392232657,Ajman,2025-09-18
CUST-10476,Yahvi Atwal,lipikasha@example.org,+916838888601,Ajman,2024-05-21
CUST-10477,Ikbal Kuruvilla,gabriel57@example.net,+919306682171,Ajman,2024-04-20
CUST-10478,Ladli Khanna,sachdevcaleb@example.com,+915264330611,Ajman,2024-10-29
CUST-10479,Jacob Ranganathan,shetharunima@example.net,05801915154,Sharjah,2025-05-09
CUST-10480,Abhimanyu Saran,gmangat@example.org,0388638072,Ajman,2025-03-24
CUST-10481,Abha Chaudhry,anika21@example.com,+919814966158,Sharjah,2025-07-11
CUST-10482,Teerth Singh,anyagrover@example.org,0308463102,Sharjah,2025-06-19
CUST-10483,Sathvik Dash,ikshita58@example.org,+916133276351,Sharjah,2025-04-26
CUST-10484,Raghav Vohra,poojabhatt@example.net,5046043903,Abu Dhabi,2024-07-31
CUST-10485,Ishanvi Jhaveri,yhegde@example.net,02716996766,Ajman,2024-08-22
CUST-10486,Kalpit Contractor,triyawable@example.com,+917632674398,Ajman,2025-08-13
CUST-10487,Eshana Mangat,baghyawatimanda@example.net,4106888443,Ajman,2025-01-04
CUST-10488,Ranveer Tata,psundaram@example.net,+916262034040,Ajman,2024-10-06
CUST-10489,Quincy Kant,masterlekha@example.com,09534484578,Sharjah,2024-10-01
CUST-10490,Aradhana Mani,sarthak86@example.org,07971372987,Sharjah,2024-11-19
CUST-10491,Maanav Patel,pbath@example.net,+913378249914,Sharjah,2025-10-11
CUST-10492,Faraj Koshy,sminhas@example.org,+915226420154,Sharjah,2024-06-10
CUST-10493,Amaira Jhaveri,om11@example.com,+914464768286,Sharjah,2025-04-09
CUST-10494,Ladli Shah,fradocherian@example.org,02998095306,Dubai,2024-10-28
CUST-10495,Aadi Merchant,darsh53@example.org,06686929766,Abu Dhabi,2026-01-09
CUST-10496,Bhavna Khurana,xhanda@example.com,+915052069549,Dubai,2025-08-06
CUST-10497,Max Hayer,saijayaraman@example.net,8861686935,Abu Dhabi,2024-05-23
CUST-10498,Advika Singh,harish10@example.net,1838549844,Ajman,2025-09-26
CUST-10499,George Sinha,hritik50@example.net,1909505613,Ajman,2025-04-19
